{"header":{"$created":"2014-12-16T13:11:39.049Z","$updated":"2015-01-28T09:22:05.517Z","lcid":14},"items":[{"name":"css","cid":5,"$created":"2015-01-03T15:15:11.721Z","$updated":"2015-01-28T09:22:05.513Z","snipcount":1},{"name":"icons","cid":6,"$created":"2015-01-03T15:15:16.530Z","$updated":"2015-01-28T09:22:05.514Z","snipcount":1},{"name":"fonts","cid":7,"$created":"2015-01-03T15:17:14.859Z","$updated":"2015-01-03T15:17:14.859Z"},{"name":"inspirations","cid":8,"$created":"2015-01-03T15:18:15.316Z","$updated":"2015-01-03T15:18:15.316Z"},{"name":"photoshop","cid":9,"$created":"2015-01-06T06:04:16.814Z","$updated":"2015-01-28T09:22:05.515Z","snipcount":2},{"name":"photography","cid":10,"$created":"2015-01-09T16:34:52.290Z","$updated":"2015-01-28T09:22:05.515Z","snipcount":1},{"name":"svg","cid":11,"$created":"2015-01-16T09:34:03.377Z","$updated":"2015-01-28T09:22:05.516Z","snipcount":1},{"name":"angular.js","cid":12,"$created":"2015-01-17T07:04:46.761Z","$updated":"2015-01-28T09:22:05.517Z","snipcount":2},{"name":"node.js","cid":13,"$created":"2015-01-24T06:14:41.276Z","$updated":"2015-01-28T09:22:05.517Z","snipcount":3},{"name":"ttt","cid":14,"$created":"2015-01-27T09:10:50.288Z","$updated":"2015-01-27T09:10:50.288Z"}]}