{"header":{"$created":"2014-10-10T14:02:19.964Z","$updated":"2014-12-16T13:04:59.070Z","lcid":47},"items":[{"snipcount":1,"name":"css","cid":29,"$created":"2014-10-18T08:38:43.838Z","$updated":"2014-12-16T13:04:59.064Z"},{"name":"javascript","snipcount":2,"cid":30,"$created":"2014-10-18T08:40:11.704Z","$updated":"2014-12-16T13:04:59.068Z"},{"name":"node.js","snipcount":2,"cid":31,"$created":"2014-10-18T08:41:09.504Z","$updated":"2014-12-16T13:04:59.070Z"},{"name":"test","cid":45,"$created":"2014-12-16T12:45:13.528Z","$updated":"2014-12-16T12:45:13.528Z"},"snipCategories","snipCategories"]}