{"header":{"$created":"2014-10-10T13:41:07.027Z","$updated":"2015-01-24T14:14:17.950Z","lcid":35},"items":[{"tagName":"css3","cid":1,"$created":"2014-10-10T14:42:00.421Z","$updated":"2014-10-22T13:15:25.806Z","tagColor":"#ffa800"},{"tagName":"css","cid":2,"$created":"2014-10-10T14:42:28.981Z","$updated":"2014-11-24T10:23:09.671Z","tagColor":"#06c1eb"},{"tagName":"js","cid":3,"$created":"2014-10-10T14:42:28.981Z","$updated":"2014-10-10T14:42:28.981Z"},{"tagName":"bootstrap","cid":4,"$created":"2014-10-10T14:42:28.981Z","$updated":"2014-10-10T14:42:28.981Z"},{"tagName":"node.js","cid":5,"$created":"2014-10-10T14:42:28.981Z","$updated":"2014-10-10T14:42:28.981Z"},{"tagName":"javascript","tagColor":"#a19106","cid":31,"$created":"2014-12-06T14:18:56.095Z","$updated":"2014-12-06T14:18:56.095Z"},{"tagName":"Regex","cid":32,"$created":"2015-01-24T09:48:32.791Z","$updated":"2015-01-24T09:48:32.791Z"},{"tagName":"Database","cid":34,"$created":"2015-01-24T14:07:38.111Z","$updated":"2015-01-24T14:07:38.111Z"},{"tagName":"jQuery","cid":35,"$created":"2015-01-24T14:14:17.950Z","$updated":"2015-01-24T14:14:17.950Z"}]}