{"header":{"$created":"2014-10-10T14:02:19.964Z","$updated":"2015-01-28T09:43:35.992Z","lcid":52},"items":[{"snipcount":1,"name":"css","cid":29,"$created":"2014-10-18T08:38:43.838Z","$updated":"2015-01-28T09:40:50.742Z"},{"name":"javascript","snipcount":4,"cid":30,"$created":"2014-10-18T08:40:11.704Z","$updated":"2015-01-28T09:40:50.743Z"},{"name":"node.js","snipcount":3,"cid":31,"$created":"2014-10-18T08:41:09.504Z","$updated":"2015-01-28T09:40:50.743Z"},{"name":"html","cid":49,"$created":"2015-01-24T12:46:29.626Z","$updated":"2015-01-24T12:46:29.626Z"},{"name":"jquery","cid":50,"$created":"2015-01-24T12:46:41.950Z","$updated":"2015-01-28T09:40:50.744Z","snipcount":1},{"name":"bootstrap","cid":51,"$created":"2015-01-24T12:46:48.883Z","$updated":"2015-01-24T12:46:48.883Z"},{"name":"regex","cid":52,"$created":"2015-01-24T12:47:11.490Z","$updated":"2015-01-24T12:47:11.490Z"}]}