{"header":{"$created":"2014-12-22T11:35:33.956Z","$updated":"2015-01-28T09:29:48.164Z","lcid":5},"items":[{"name":"testee","color":"#fb2eff","cid":2,"$created":"2014-12-22T14:13:58.746Z","$updated":"2015-01-28T09:29:48.161Z","snipcount":4},{"name":"home work","color":"#fa195c","cid":3,"$created":"2014-12-23T13:31:44.708Z","$updated":"2015-01-28T09:29:48.161Z","snipcount":1},{"name":"app development","color":"#4282ff","cid":4,"$created":"2015-01-24T14:28:08.791Z","$updated":"2015-01-28T09:29:48.162Z","snipcount":2}]}